epoch,seed,predictor_type,train_loss
1,0,mlp,150020.04288736978
2,0,mlp,28302.981119791668
3,0,mlp,21259.291564941406
4,0,mlp,23382.63091023763
5,0,mlp,21734.62957763672
6,0,mlp,19282.97350056966
7,0,mlp,19569.029947916668
8,0,mlp,18531.64390563965
9,0,mlp,18244.973175048828
10,0,mlp,18144.379338582356
11,0,mlp,18921.191782633465
12,0,mlp,16766.922587076824
13,0,mlp,17217.603525797527
14,0,mlp,16800.423990885418
15,0,mlp,17822.2823638916
16,0,mlp,18901.67377726237
17,0,mlp,17424.813618977863
18,0,mlp,20478.490681966145
19,0,mlp,16959.01613108317
20,0,mlp,17832.9788869222
21,0,mlp,16976.632883707684
22,0,mlp,15801.55793762207
23,0,mlp,14575.511823018393
24,0,mlp,14296.319610595703
25,0,mlp,14369.624440511068
26,0,mlp,14582.469156901041
27,0,mlp,15815.920506795248
28,0,mlp,17398.001118977863
29,0,mlp,13925.049647013346
30,0,mlp,13914.901606241861
31,0,mlp,13733.08920288086
32,0,mlp,13147.176981608072
33,0,mlp,15209.852310180664
34,0,mlp,18537.797200520832
35,0,mlp,17724.117268880207
36,0,mlp,43125.73673502604
37,0,mlp,21553.026428222656
38,0,mlp,17895.318440755207
39,0,mlp,16029.88026936849
40,0,mlp,16864.74216715495
41,0,mlp,15177.79817199707
42,0,mlp,18788.306345621746
43,0,mlp,16946.50603230794
44,0,mlp,18412.75547281901
45,0,mlp,14384.037414550781
46,0,mlp,15596.50335184733
47,0,mlp,14946.653299967447
48,0,mlp,12853.823216756186
49,0,mlp,12133.70073445638
50,0,mlp,12857.367431640625
51,0,mlp,12288.812464396158
52,0,mlp,11431.646937052408
53,0,mlp,10631.246317545572
54,0,mlp,10082.636642456055
55,0,mlp,9378.715744018555
56,0,mlp,9929.574460347494
57,0,mlp,9208.588264465332
58,0,mlp,8843.16779836019
59,0,mlp,10914.923400878906
60,0,mlp,10050.019256591797
61,0,mlp,12520.66081237793
62,0,mlp,13280.266174316406
63,0,mlp,11709.632893880209
64,0,mlp,10159.906270345053
65,0,mlp,12118.247039794922
66,0,mlp,11847.242146809896
67,0,mlp,8790.240676879883
68,0,mlp,8284.722549438477
69,0,mlp,29880.82320658366
70,0,mlp,19903.051035563152
71,0,mlp,14208.458994547525
72,0,mlp,10681.017618815104
73,0,mlp,21924.543670654297
74,0,mlp,12356.739624023438
75,0,mlp,42057.46134440104
76,0,mlp,14553.930135091146
77,0,mlp,40577.19565836588
78,0,mlp,22154.471028645832
79,0,mlp,10463.621754964193
80,0,mlp,9702.437632242838
81,0,mlp,8867.83480834961
82,0,mlp,6657.175160725911
83,0,mlp,6252.326939900716
84,0,mlp,6825.84614054362
85,0,mlp,5678.45637512207
86,0,mlp,5960.299270629883
87,0,mlp,5761.40535736084
88,0,mlp,5222.7081298828125
89,0,mlp,4335.965835571289
90,0,mlp,3621.0479532877603
91,0,mlp,3333.2233861287436
92,0,mlp,3120.776974995931
93,0,mlp,2958.4020029703775
94,0,mlp,3171.8288917541504
95,0,mlp,2750.927361806234
96,0,mlp,2440.683867136637
97,0,mlp,2288.5620142618814
98,0,mlp,2154.7160275777183
99,0,mlp,2048.524388631185
100,0,mlp,1962.9719301859539
101,0,mlp,1999.0895729064941
102,0,mlp,1905.6095689137776
103,0,mlp,2265.3997968037925
104,0,mlp,2098.8911170959473
105,0,mlp,2419.309454600016
106,0,mlp,2939.6780420939126
107,0,mlp,3907.676030476888
108,0,mlp,3066.296918233236
109,0,mlp,2203.48859278361
110,0,mlp,2154.164621988932
111,0,mlp,2024.4592157999675
112,0,mlp,1566.8112513224285
113,0,mlp,1582.185152689616
114,0,mlp,1401.611089070638
115,0,mlp,1318.107592900594
116,0,mlp,1349.0196278889973
117,0,mlp,1518.9187870025635
118,0,mlp,1299.3413365681965
119,0,mlp,1562.9759979248047
120,0,mlp,1400.0479443868
121,0,mlp,1456.797565460205
122,0,mlp,1543.2347768147786
123,0,mlp,1376.390682856242
124,0,mlp,1172.1789620717366
125,0,mlp,923.8496513366699
126,0,mlp,936.6461346944174
127,0,mlp,891.3431771596273
128,0,mlp,1037.1800797780354
129,0,mlp,2116.114515940348
130,0,mlp,2598.3329683939614
131,0,mlp,2132.0744984944663
132,0,mlp,1542.4539438883464
133,0,mlp,2021.3426825205486
134,0,mlp,1548.2779369354248
135,0,mlp,1359.1062876383464
136,0,mlp,1742.4722112019856
137,0,mlp,2618.1245918273926
138,0,mlp,2102.225418726603
139,0,mlp,2303.9498176574707
140,0,mlp,1851.3566907246907
141,0,mlp,1332.420426050822
142,0,mlp,923.2105127970377
143,0,mlp,915.315803527832
144,0,mlp,765.6833152770996
145,0,mlp,682.8552392323812
146,0,mlp,525.8748288154602
147,0,mlp,549.8207133611044
148,0,mlp,483.68670686086017
149,0,mlp,603.6032209396362
150,0,mlp,739.6066191991171
151,0,mlp,626.7240835825602
152,0,mlp,944.7085628509521
153,0,mlp,1327.3028033574421
154,0,mlp,2083.8061669667563
155,0,mlp,1464.183811823527
156,0,mlp,1906.2135639190674
157,0,mlp,1214.5099086761475
158,0,mlp,1026.5474586486816
159,0,mlp,1429.5915826161702
160,0,mlp,1058.9806283315022
161,0,mlp,1105.299415588379
162,0,mlp,1109.1216303507488
163,0,mlp,991.7487932840983
164,0,mlp,720.8954372406006
165,0,mlp,773.7024110158285
166,0,mlp,718.9772434234619
167,0,mlp,1006.6138725280762
168,0,mlp,816.7098426818848
169,0,mlp,777.4813299179077
170,0,mlp,879.9331007003784
171,0,mlp,805.2581532796224
172,0,mlp,711.6984017690023
173,0,mlp,809.9977982838949
174,0,mlp,525.8028456370035
175,0,mlp,906.6171102523804
176,0,mlp,1010.0029157002767
177,0,mlp,1155.7603505452473
178,0,mlp,917.0526914596558
179,0,mlp,695.6304839452108
180,0,mlp,592.5633309682211
181,0,mlp,588.6685301462809
182,0,mlp,573.9100987116495
183,0,mlp,577.2877928415934
184,0,mlp,597.6778885523478
185,0,mlp,751.1285664240519
186,0,mlp,940.6633653640747
187,0,mlp,847.2173223495483
188,0,mlp,724.4888490041097
189,0,mlp,1099.7848847707112
190,0,mlp,933.6972948710123
191,0,mlp,1147.6936353047688
192,0,mlp,882.1350987752279
193,0,mlp,579.6767409642538
194,0,mlp,649.3790235519409
195,0,mlp,776.1378183364868
196,0,mlp,1059.5728232065837
197,0,mlp,945.4372431437174
198,0,mlp,1140.857364654541
199,0,mlp,915.3978605270386
200,0,mlp,1280.3363478978474
1,1,mlp,43651.39292399088
2,1,mlp,23867.906331380207
3,1,mlp,26243.7201944987
4,1,mlp,26891.621622721355
5,1,mlp,20485.93572998047
6,1,mlp,34087.41255696615
7,1,mlp,27143.09981282552
8,1,mlp,25950.410013834637
9,1,mlp,22470.74580891927
10,1,mlp,21956.302154541016
11,1,mlp,19393.426005045574
12,1,mlp,21653.528238932293
13,1,mlp,20322.675537109375
14,1,mlp,19852.884979248047
15,1,mlp,18491.88348388672
16,1,mlp,16934.649508158367
17,1,mlp,17580.40816752116
18,1,mlp,18487.3003133138
19,1,mlp,19108.611572265625
20,1,mlp,23829.58967081706
21,1,mlp,18309.63771565755
22,1,mlp,16393.67416381836
23,1,mlp,17237.32876078288
24,1,mlp,17406.405181884766
25,1,mlp,16917.715738932293
26,1,mlp,16963.681711832684
27,1,mlp,14131.507708231607
28,1,mlp,15847.06583150228
29,1,mlp,13974.926696777344
30,1,mlp,12914.38491566976
31,1,mlp,11548.03426615397
32,1,mlp,11172.582992553711
33,1,mlp,9853.741806030273
34,1,mlp,9078.045717875162
35,1,mlp,8296.775360107422
36,1,mlp,7591.764643351237
37,1,mlp,6523.993146260579
38,1,mlp,6240.198160807292
39,1,mlp,5827.784474690755
40,1,mlp,5243.783795674642
41,1,mlp,5003.773668924968
42,1,mlp,4772.372492472331
43,1,mlp,5691.3029047648115
44,1,mlp,5178.861736297607
45,1,mlp,3892.2607917785645
46,1,mlp,3630.691074371338
47,1,mlp,3241.0173918406167
48,1,mlp,2942.217929840088
49,1,mlp,3064.3121242523193
50,1,mlp,3164.8458461761475
51,1,mlp,3804.318110148112
52,1,mlp,3747.8318456014
53,1,mlp,3808.093287150065
54,1,mlp,5162.737856547038
55,1,mlp,4962.175430297852
56,1,mlp,6364.656814575195
57,1,mlp,19790.716211954754
58,1,mlp,13129.106740315756
59,1,mlp,13264.629338582357
60,1,mlp,10882.52318318685
61,1,mlp,17785.997365315754
62,1,mlp,31631.049067179363
63,1,mlp,16791.26996866862
64,1,mlp,15585.918884277344
65,1,mlp,11621.391840616861
66,1,mlp,65480.808614095055
67,1,mlp,8901.217168172201
68,1,mlp,11209.120890299479
69,1,mlp,67087.77492777507
70,1,mlp,72862.72504679362
71,1,mlp,16752.098307291668
72,1,mlp,10898.78880818685
73,1,mlp,6462.023905436198
74,1,mlp,5397.961578369141
75,1,mlp,5933.568913777669
76,1,mlp,4780.369415283203
77,1,mlp,4435.640116373698
78,1,mlp,3827.6429290771484
79,1,mlp,3426.3263498942056
80,1,mlp,3073.9592514038086
81,1,mlp,3040.203295389811
82,1,mlp,3036.2523193359375
83,1,mlp,3030.0144577026367
84,1,mlp,2804.0937563578286
85,1,mlp,2537.0218454996743
86,1,mlp,2317.220659891764
87,1,mlp,2240.4782180786133
88,1,mlp,2158.6928431193032
89,1,mlp,2092.428628285726
90,1,mlp,2033.307409922282
91,1,mlp,1984.0554911295574
92,1,mlp,2352.6656545003257
93,1,mlp,1984.8543764750164
94,1,mlp,1920.6662572224934
95,1,mlp,1996.5877164204915
96,1,mlp,2282.5006841023765
97,1,mlp,2543.315430959066
98,1,mlp,2254.656748453776
99,1,mlp,1983.762659708659
100,1,mlp,1834.7756334940593
101,1,mlp,2125.1400095621743
102,1,mlp,1790.5164845784504
103,1,mlp,1618.1298726399739
104,1,mlp,1593.9792493184407
105,1,mlp,1255.3084297180176
106,1,mlp,1078.342098871867
107,1,mlp,952.8768304189047
108,1,mlp,862.2531509399414
109,1,mlp,818.0780839920044
110,1,mlp,776.8400281270345
111,1,mlp,895.9796625773112
112,1,mlp,939.5450693766276
113,1,mlp,850.4346968332926
114,1,mlp,819.9765958786011
115,1,mlp,884.493626276652
116,1,mlp,901.4694026311239
117,1,mlp,954.1849727630615
118,1,mlp,1028.222983678182
119,1,mlp,1036.2486629486084
120,1,mlp,1406.5963319142659
121,1,mlp,1003.3369789123535
122,1,mlp,951.051929473877
123,1,mlp,1003.5648053487142
124,1,mlp,1283.0962104797363
125,1,mlp,1746.1977628072102
126,1,mlp,1039.8634077707927
127,1,mlp,1340.7693761189778
128,1,mlp,1895.7889315287273
129,1,mlp,1078.4091396331787
130,1,mlp,958.166982014974
131,1,mlp,1796.7158470153809
132,1,mlp,1810.3798936208088
133,1,mlp,2514.219013849894
134,1,mlp,1402.371884028117
135,1,mlp,969.0407657623291
136,1,mlp,1036.1975924173992
137,1,mlp,1209.748550415039
138,1,mlp,1218.5992616017659
139,1,mlp,1407.7238324483235
140,1,mlp,1229.4442675908406
141,1,mlp,1116.4061056772869
142,1,mlp,1009.9732812245687
143,1,mlp,923.4832105636597
144,1,mlp,701.7459710439047
145,1,mlp,818.877524693807
146,1,mlp,606.0670630137125
147,1,mlp,883.4236516952515
148,1,mlp,922.2727953592936
149,1,mlp,911.7510782877604
150,1,mlp,988.4472198486328
151,1,mlp,1002.9031410217285
152,1,mlp,1152.568905512492
153,1,mlp,1057.8114760716755
154,1,mlp,591.9043550491333
155,1,mlp,702.8241221110026
156,1,mlp,1035.4103813171387
157,1,mlp,1034.2070411046345
158,1,mlp,1676.2755120595295
159,1,mlp,1766.1197732289631
160,1,mlp,1009.2062670389811
161,1,mlp,1171.4839436213176
162,1,mlp,783.8405475616455
163,1,mlp,683.3777071634928
164,1,mlp,677.5271816253662
165,1,mlp,815.1177336374918
166,1,mlp,752.0925744374593
167,1,mlp,864.9106270472208
168,1,mlp,969.0075651804606
169,1,mlp,1137.750727335612
170,1,mlp,847.4353446960449
171,1,mlp,823.4068406422933
172,1,mlp,749.6056707700094
173,1,mlp,794.2132199605306
174,1,mlp,780.656925201416
175,1,mlp,619.4944206873575
176,1,mlp,846.7469434738159
177,1,mlp,845.8805948893229
178,1,mlp,647.228066444397
179,1,mlp,853.5646053949991
180,1,mlp,863.8901821772257
181,1,mlp,979.3636074066162
182,1,mlp,1295.5890566507976
183,1,mlp,1558.9847431182861
184,1,mlp,1132.5802609125774
185,1,mlp,793.0985062917074
186,1,mlp,767.4136336644491
187,1,mlp,1186.8030525843303
188,1,mlp,3548.2939993540444
189,1,mlp,2337.647912979126
190,1,mlp,1606.8224957784016
191,1,mlp,1228.9246425628662
192,1,mlp,935.1020113627116
193,1,mlp,1204.8163553873699
194,1,mlp,1696.865691502889
195,1,mlp,2796.2403462727866
196,1,mlp,4124.855138142903
197,1,mlp,8341.68081410726
198,1,mlp,93928.24601872762
199,1,mlp,43755.000900268555
200,1,mlp,567960.5776468912
1,2,mlp,1998576.6393025715
2,2,mlp,35640.152893066406
3,2,mlp,30925.098286946613
4,2,mlp,28248.788838704426
5,2,mlp,23562.234456380207
6,2,mlp,22644.57521565755
7,2,mlp,20739.312642415363
8,2,mlp,19218.14092508952
9,2,mlp,18320.15103149414
10,2,mlp,17827.546259562176
11,2,mlp,17632.689743041992
12,2,mlp,17784.455047607422
13,2,mlp,18295.85915629069
14,2,mlp,18242.637402852375
15,2,mlp,17857.541646321613
16,2,mlp,18434.320638020832
17,2,mlp,17331.116149902344
18,2,mlp,17598.675893147785
19,2,mlp,17965.973103841145
20,2,mlp,17597.619262695312
21,2,mlp,17388.265162150066
22,2,mlp,17612.732004801434
23,2,mlp,16772.604395548504
24,2,mlp,17932.204813639324
25,2,mlp,17848.01109822591
26,2,mlp,19363.825714111328
27,2,mlp,18136.632909138996
28,2,mlp,18192.198811848957
29,2,mlp,20071.772186279297
30,2,mlp,16526.720392862957
31,2,mlp,16306.12510172526
32,2,mlp,16262.845692952475
33,2,mlp,15977.128550211588
34,2,mlp,15578.760144551596
35,2,mlp,15160.33115641276
36,2,mlp,14953.509943644205
37,2,mlp,14846.244271596273
38,2,mlp,14594.979517618814
39,2,mlp,14837.606808980307
40,2,mlp,15805.05118306478
41,2,mlp,15015.002522786459
42,2,mlp,14390.778676350912
43,2,mlp,14202.044492085775
44,2,mlp,14206.36126200358
45,2,mlp,14153.647748311361
46,2,mlp,14844.989761352539
47,2,mlp,14246.758260091146
48,2,mlp,13406.859313964844
49,2,mlp,13598.623977661133
50,2,mlp,13665.845181783041
51,2,mlp,13335.614987691244
52,2,mlp,12924.38476308187
53,2,mlp,12376.56564839681
54,2,mlp,12381.777359008789
55,2,mlp,12216.68652598063
56,2,mlp,11620.705472310385
57,2,mlp,11670.208951314291
58,2,mlp,12718.778783162436
59,2,mlp,11769.736117045084
60,2,mlp,11694.030883789062
61,2,mlp,10793.92463684082
62,2,mlp,10614.957359313965
63,2,mlp,11583.675440470377
64,2,mlp,11136.598355611166
65,2,mlp,10289.686002095541
66,2,mlp,9785.415519714355
67,2,mlp,9066.957986195883
68,2,mlp,8876.88811747233
69,2,mlp,8359.565587361654
70,2,mlp,8675.02747853597
71,2,mlp,8179.394406636556
72,2,mlp,8807.327041625977
73,2,mlp,8533.12637837728
74,2,mlp,7371.93408203125
75,2,mlp,6953.4010009765625
76,2,mlp,6350.611882527669
77,2,mlp,6426.76917775472
78,2,mlp,6027.429616292317
79,2,mlp,5580.634916941325
80,2,mlp,5802.27414449056
81,2,mlp,6559.42995707194
82,2,mlp,7420.708134969075
83,2,mlp,8222.323786417643
84,2,mlp,5282.634140014648
85,2,mlp,4531.663627624512
86,2,mlp,4566.506881713867
87,2,mlp,4819.926812489827
88,2,mlp,4810.018157958984
89,2,mlp,3963.762250264486
90,2,mlp,4089.74076461792
91,2,mlp,3760.317916870117
92,2,mlp,3945.075757344564
93,2,mlp,3378.505734761556
94,2,mlp,3233.172520955404
95,2,mlp,2998.5155588785806
96,2,mlp,3059.421693166097
97,2,mlp,3120.340936024984
98,2,mlp,2681.1722361246743
99,2,mlp,2702.5576782226562
100,2,mlp,2387.9982109069824
101,2,mlp,2268.2184734344482
102,2,mlp,2022.0354398091633
103,2,mlp,2183.4209702809653
104,2,mlp,2214.726711908976
105,2,mlp,2760.2275479634604
106,2,mlp,4446.222928365071
107,2,mlp,10981.739588419596
108,2,mlp,11185392.151062012
109,2,mlp,512701.944539388
110,2,mlp,55072.9599202474
111,2,mlp,32412.945882161457
112,2,mlp,29851.235107421875
113,2,mlp,26969.141682942707
114,2,mlp,25625.57763671875
115,2,mlp,23860.1538289388
116,2,mlp,24894.391479492188
117,2,mlp,23123.20039876302
118,2,mlp,22509.827901204426
119,2,mlp,21995.87175496419
120,2,mlp,20676.706288655598
121,2,mlp,20134.77356974284
122,2,mlp,19573.230712890625
123,2,mlp,19454.034261067707
124,2,mlp,18872.41475423177
125,2,mlp,19139.501424153645
126,2,mlp,19060.74262491862
127,2,mlp,18314.52032470703
128,2,mlp,18072.56967671712
129,2,mlp,17737.964279174805
130,2,mlp,17224.470896402996
131,2,mlp,17085.667811075848
132,2,mlp,17097.863576253254
133,2,mlp,16871.624145507812
134,2,mlp,16703.27814737956
135,2,mlp,16662.984817504883
136,2,mlp,16503.265182495117
137,2,mlp,16558.179982503254
138,2,mlp,16517.861729939777
139,2,mlp,16522.839635213215
140,2,mlp,16375.896260579428
141,2,mlp,16197.870877583822
142,2,mlp,16126.793299357096
143,2,mlp,15908.515599568686
144,2,mlp,15923.522811889648
145,2,mlp,15862.89517211914
146,2,mlp,15787.968856811523
147,2,mlp,15584.384160359701
148,2,mlp,15617.234049479166
149,2,mlp,15462.850713094076
150,2,mlp,15387.776733398438
151,2,mlp,15274.482070922852
152,2,mlp,15200.649973551432
153,2,mlp,15268.77045694987
154,2,mlp,15126.897148132324
155,2,mlp,15033.506912231445
156,2,mlp,15054.846379597982
157,2,mlp,14834.301612854004
158,2,mlp,14860.283732096354
159,2,mlp,15254.893142700195
160,2,mlp,14866.736465454102
161,2,mlp,14522.175048828125
162,2,mlp,14468.647761027018
163,2,mlp,14580.28667195638
164,2,mlp,14451.098220825195
165,2,mlp,14430.384806315104
166,2,mlp,14248.594924926758
167,2,mlp,14383.945627848307
168,2,mlp,14107.08780415853
169,2,mlp,13870.3005472819
170,2,mlp,13780.364138285318
171,2,mlp,13688.215927124023
172,2,mlp,13768.801132202148
173,2,mlp,13593.42438252767
174,2,mlp,13519.42064412435
175,2,mlp,13270.10395304362
176,2,mlp,13174.230911254883
177,2,mlp,12958.60258992513
178,2,mlp,12853.591082255045
179,2,mlp,12850.59174601237
180,2,mlp,13024.93674214681
181,2,mlp,12841.82610321045
182,2,mlp,12812.172470092773
183,2,mlp,12566.859179178873
184,2,mlp,12583.332237243652
185,2,mlp,12168.022537231445
186,2,mlp,12432.377667744955
187,2,mlp,12655.656051635742
188,2,mlp,12020.621126810709
189,2,mlp,12195.491508483887
190,2,mlp,11741.16775004069
191,2,mlp,11271.482538859049
192,2,mlp,10851.122411092123
193,2,mlp,10583.165435791016
194,2,mlp,10313.359743754068
195,2,mlp,10129.161600748697
196,2,mlp,10024.3122660319
197,2,mlp,9843.667729695639
198,2,mlp,9591.046696980795
199,2,mlp,9745.06982421875
200,2,mlp,9605.590619405111
1,0,cnn,1007868.063700358
2,0,cnn,28243.530639648438
3,0,cnn,23545.56113688151
4,0,cnn,21640.920979817707
5,0,cnn,20453.33555094401
6,0,cnn,18761.996805826824
7,0,cnn,18257.499415079754
8,0,cnn,17886.81196085612
9,0,cnn,17345.39628092448
10,0,cnn,16878.600611368816
11,0,cnn,16727.451461791992
12,0,cnn,16348.4165725708
13,0,cnn,16528.91904958089
14,0,cnn,16414.309895833332
15,0,cnn,16144.817998250326
16,0,cnn,16403.406580607098
17,0,cnn,16485.310305277508
18,0,cnn,16237.96475728353
19,0,cnn,15845.41694132487
20,0,cnn,15899.156077067057
21,0,cnn,15372.930282592773
22,0,cnn,15324.457656860352
23,0,cnn,14880.895484924316
24,0,cnn,14525.294700622559
25,0,cnn,14712.22821299235
26,0,cnn,14780.858517964682
27,0,cnn,14325.533765157064
28,0,cnn,14427.286811828613
29,0,cnn,14404.939534505209
30,0,cnn,14668.27646891276
31,0,cnn,13959.59726969401
32,0,cnn,13742.31460571289
33,0,cnn,13919.594629923502
34,0,cnn,14243.65879313151
35,0,cnn,13440.826446533203
36,0,cnn,12839.197100321451
37,0,cnn,12575.084650675455
38,0,cnn,11902.385864257812
39,0,cnn,11270.803988138834
40,0,cnn,10595.583877563477
41,0,cnn,10692.180475870768
42,0,cnn,11171.427846272787
43,0,cnn,10447.822807312012
44,0,cnn,10166.278305053711
45,0,cnn,8923.307378133139
46,0,cnn,9357.944727579752
47,0,cnn,8880.68158976237
48,0,cnn,7894.748776753743
49,0,cnn,7390.074658711751
50,0,cnn,7552.6822026570635
51,0,cnn,7441.061518351237
52,0,cnn,6468.801405588786
53,0,cnn,6627.59883371989
54,0,cnn,6739.15145111084
55,0,cnn,6398.213602701823
56,0,cnn,6465.4511795043945
57,0,cnn,5563.090629577637
58,0,cnn,5499.093638102214
59,0,cnn,5429.8252512613935
60,0,cnn,5140.9330978393555
61,0,cnn,4943.8164621988935
62,0,cnn,4512.910095214844
63,0,cnn,4278.959246317546
64,0,cnn,4316.953763326009
65,0,cnn,3975.2302004496255
66,0,cnn,3496.2467142740884
67,0,cnn,3317.3679122924805
68,0,cnn,3321.075968424479
69,0,cnn,3623.282342274984
70,0,cnn,3227.254712422689
71,0,cnn,2863.0760803222656
72,0,cnn,2765.962933858236
73,0,cnn,2730.720171610514
74,0,cnn,2441.039675394694
75,0,cnn,2187.780118306478
76,0,cnn,2513.1337038675942
77,0,cnn,2229.1832224527993
78,0,cnn,2172.164405822754
79,0,cnn,2507.697410583496
80,0,cnn,2765.9962590535483
81,0,cnn,2253.900705973307
82,0,cnn,3556.9644037882485
83,0,cnn,2571.294045766195
84,0,cnn,1920.189193725586
85,0,cnn,2429.481601715088
86,0,cnn,2987.997817993164
87,0,cnn,2466.649023691813
88,0,cnn,2259.5993283589683
89,0,cnn,1619.2286485036213
90,0,cnn,1719.0084336598713
91,0,cnn,1832.7818609873455
92,0,cnn,1443.8362681070964
93,0,cnn,1514.1784184773762
94,0,cnn,1519.7730089823406
95,0,cnn,2046.6601072947185
96,0,cnn,1756.4532508850098
97,0,cnn,2048.073486328125
98,0,cnn,2452.326587677002
99,0,cnn,4266.116958618164
100,0,cnn,3515.7483673095703
101,0,cnn,5899.13240814209
102,0,cnn,4347371.954467773
103,0,cnn,5781207322.806355
104,0,cnn,4183579626.068929
105,0,cnn,21737269055.130535
106,0,cnn,477634489.7232259
107,0,cnn,2013850363.0452068
108,0,cnn,2190345098.713135
109,0,cnn,132080923.3782959
110,0,cnn,321362105.7528483
111,0,cnn,576289464.4850668
112,0,cnn,113227751.43798828
113,0,cnn,102139148.87390137
114,0,cnn,19998700.701131184
115,0,cnn,35660923.89493815
116,0,cnn,11138443.150838217
117,0,cnn,1279440.6361490886
118,0,cnn,738439.1000976562
119,0,cnn,699446.8682047526
120,0,cnn,614477.6975911459
121,0,cnn,609878.0962320963
122,0,cnn,467163.71931966144
123,0,cnn,447648.9399820964
124,0,cnn,383035.39123535156
125,0,cnn,376086.1078694661
126,0,cnn,297137.50244140625
127,0,cnn,387873.84541829425
128,0,cnn,425479.52478027344
129,0,cnn,336640.211710612
130,0,cnn,260788.38606770834
131,0,cnn,207204.7215169271
132,0,cnn,188281.93611653647
133,0,cnn,202804.95853678384
134,0,cnn,188953.26123046875
135,0,cnn,259623.5177408854
136,0,cnn,204020.36824544272
137,0,cnn,157258.23978678384
138,0,cnn,153437.18302408853
139,0,cnn,167575.13114420572
140,0,cnn,165104.57373046875
141,0,cnn,138849.7058919271
142,0,cnn,123075.51245117188
143,0,cnn,114605.65584309895
144,0,cnn,106429.25191243489
145,0,cnn,107394.23746744792
146,0,cnn,117407.35257975261
147,0,cnn,184447.26399739584
148,0,cnn,142147.79451497397
149,0,cnn,106948.8076171875
150,0,cnn,106624.71447753906
151,0,cnn,107373.66337076823
152,0,cnn,103332.90970865886
153,0,cnn,99044.552734375
154,0,cnn,89420.43249511719
155,0,cnn,76931.48706054688
156,0,cnn,93433.31158447266
157,0,cnn,93822.39729817708
158,0,cnn,87321.3731282552
159,0,cnn,71931.80971272786
160,0,cnn,89654.58856201172
161,0,cnn,111928.73158772786
162,0,cnn,101815.92639160156
163,0,cnn,88251.61850992839
164,0,cnn,158343.59757486978
165,0,cnn,214487.1913655599
166,0,cnn,143016.51727294922
167,0,cnn,203165.7597249349
168,0,cnn,108532.31571451823
169,0,cnn,94043.36269124348
170,0,cnn,110761.62772623698
171,0,cnn,87285.13897705078
172,0,cnn,61156.072285970055
173,0,cnn,69643.87440999348
174,0,cnn,55458.86796061198
175,0,cnn,50882.77858479818
176,0,cnn,48752.56520589193
177,0,cnn,54061.262674967445
178,0,cnn,63465.06475830078
179,0,cnn,55178.17938232422
180,0,cnn,79472.87034098308
181,0,cnn,75695.96160888672
182,0,cnn,88024.64823404948
183,0,cnn,104893.81148274739
184,0,cnn,143513.07958984375
185,0,cnn,129515.76957194011
186,0,cnn,188179.26641845703
187,0,cnn,294206.80843098956
188,0,cnn,364209.7704264323
189,0,cnn,314791.73962402344
190,0,cnn,179360.40590413412
191,0,cnn,147148.0177408854
192,0,cnn,96002.50693766277
193,0,cnn,78848.5108235677
194,0,cnn,62319.96030680338
195,0,cnn,63704.844746907555
196,0,cnn,59619.3163655599
197,0,cnn,60008.30155436198
198,0,cnn,43210.471740722656
199,0,cnn,30715.862141927082
200,0,cnn,29774.2241007487
1,1,cnn,101220.80436197917
2,1,cnn,38357.971435546875
3,1,cnn,30519.109598795574
4,1,cnn,21707.132883707684
5,1,cnn,20271.69255574544
6,1,cnn,20584.208913167316
7,1,cnn,17194.938547770184
8,1,cnn,16715.98537190755
9,1,cnn,22292.52528889974
10,1,cnn,20733.12122599284
11,1,cnn,17177.977966308594
12,1,cnn,19631.35161336263
13,1,cnn,16168.799748738607
14,1,cnn,16717.583099365234
15,1,cnn,15660.740269978842
16,1,cnn,16797.40525309245
17,1,cnn,14198.828994750977
18,1,cnn,14051.523941040039
19,1,cnn,13437.015242258707
20,1,cnn,14965.747899373373
21,1,cnn,15706.436208089193
22,1,cnn,14614.181671142578
23,1,cnn,13953.629750569662
24,1,cnn,12049.669169108072
25,1,cnn,11729.975570678711
26,1,cnn,11281.609044392904
27,1,cnn,10773.238731384277
28,1,cnn,9748.699712117514
29,1,cnn,9104.3025004069
30,1,cnn,8199.037928263346
31,1,cnn,7513.819287618001
32,1,cnn,7413.876239776611
33,1,cnn,7566.181671142578
34,1,cnn,11104.29754892985
35,1,cnn,16786.049102783203
36,1,cnn,547344.1943969727
37,1,cnn,5430749.7985026045
38,1,cnn,14250326.631184896
39,1,cnn,273676.9878336589
40,1,cnn,143173.0008544922
41,1,cnn,252765.08970133463
42,1,cnn,332117.0843098958
43,1,cnn,29760.924275716145
44,1,cnn,23334.009501139324
45,1,cnn,90793.16408284505
46,1,cnn,28015.64826456706
47,1,cnn,29529.29032389323
48,1,cnn,25076.86065673828
49,1,cnn,19496.875946044922
50,1,cnn,19062.882822672527
51,1,cnn,18983.0326944987
52,1,cnn,18367.231658935547
53,1,cnn,18309.470021565754
54,1,cnn,18195.34801228841
55,1,cnn,17681.32322184245
56,1,cnn,17430.635075887043
57,1,cnn,17275.093846638996
58,1,cnn,17258.60492960612
59,1,cnn,17525.331044514973
60,1,cnn,16861.130752563477
61,1,cnn,16454.81851196289
62,1,cnn,16115.621332804361
63,1,cnn,15861.322911580404
64,1,cnn,15496.766708374023
65,1,cnn,15130.647725423178
66,1,cnn,14800.192947387695
67,1,cnn,14665.73031616211
68,1,cnn,14473.93381245931
69,1,cnn,14209.106694539389
70,1,cnn,13906.51254272461
71,1,cnn,13772.275319417318
72,1,cnn,13724.650230407715
73,1,cnn,13502.386367797852
74,1,cnn,13138.345036824545
75,1,cnn,13061.33667755127
76,1,cnn,12918.998402913412
77,1,cnn,12547.59344736735
78,1,cnn,12450.556177775064
79,1,cnn,12152.355077107748
80,1,cnn,12013.698214213053
81,1,cnn,11873.719703674316
82,1,cnn,11628.216954549154
83,1,cnn,11306.46785736084
84,1,cnn,11195.82847849528
85,1,cnn,10851.90695699056
86,1,cnn,10637.26065826416
87,1,cnn,10553.9693069458
88,1,cnn,10383.085164388021
89,1,cnn,10141.487098693848
90,1,cnn,9999.483352661133
91,1,cnn,9942.51895904541
92,1,cnn,9759.121142069498
93,1,cnn,9571.283391316732
94,1,cnn,9463.901776631674
95,1,cnn,10968.453315734863
96,1,cnn,11072.127924601236
97,1,cnn,10065.647165934244
98,1,cnn,9449.671994527182
99,1,cnn,9217.364941914877
100,1,cnn,9047.309176127115
101,1,cnn,9975.691543579102
102,1,cnn,9103.760157267252
103,1,cnn,8722.276428222656
104,1,cnn,8803.590840657553
105,1,cnn,8569.54328918457
106,1,cnn,8364.76146443685
107,1,cnn,8209.897959391275
108,1,cnn,8236.795941670736
109,1,cnn,8229.995463053385
110,1,cnn,7893.431579589844
111,1,cnn,7983.782819112142
112,1,cnn,7786.189399719238
113,1,cnn,7327.935989379883
114,1,cnn,6929.266408284505
115,1,cnn,6807.159917195638
116,1,cnn,6855.64501953125
117,1,cnn,6531.025726318359
118,1,cnn,6475.61161549886
119,1,cnn,6377.757797241211
120,1,cnn,6366.193801879883
121,1,cnn,6089.003125508626
122,1,cnn,6023.584264119466
123,1,cnn,5818.5678151448565
124,1,cnn,5717.46723429362
125,1,cnn,5553.433481852214
126,1,cnn,5646.526552836101
127,1,cnn,5499.67915725708
128,1,cnn,5325.846146901448
129,1,cnn,5486.574752807617
130,1,cnn,5395.229736328125
131,1,cnn,5017.605929056804
132,1,cnn,4844.261049906413
133,1,cnn,4762.1391042073565
134,1,cnn,4683.271550496419
135,1,cnn,4603.142218271892
136,1,cnn,4519.343948364258
137,1,cnn,4512.2844975789385
138,1,cnn,4451.3667729695635
139,1,cnn,4482.48311106364
140,1,cnn,4344.417388916016
141,1,cnn,4559.32251103719
142,1,cnn,4359.13261159261
143,1,cnn,4238.1188405354815
144,1,cnn,4109.792218526204
145,1,cnn,4067.7524503072104
146,1,cnn,4143.455139160156
147,1,cnn,4391.7647794087725
148,1,cnn,4023.7209116617837
149,1,cnn,3923.00794728597
150,1,cnn,3984.3657887776694
151,1,cnn,3614.1371625264487
152,1,cnn,3621.914679209391
153,1,cnn,3446.9015986124673
154,1,cnn,3448.139005025228
155,1,cnn,3634.1054763793945
156,1,cnn,3712.3577321370444
157,1,cnn,3915.4819374084473
158,1,cnn,3819.5527064005532
159,1,cnn,3964.7886123657227
160,1,cnn,3509.15692392985
161,1,cnn,3852.131922403971
162,1,cnn,3387.8745752970376
163,1,cnn,3661.1400858561196
164,1,cnn,3734.0248387654624
165,1,cnn,7591.754397074382
166,1,cnn,5564.7667897542315
167,1,cnn,8015.628723144531
168,1,cnn,7528.611689249675
169,1,cnn,7055.95388285319
170,1,cnn,187812.59452311197
171,1,cnn,2452820.115386963
172,1,cnn,385376562.01243085
173,1,cnn,2971966606.177897
174,1,cnn,21884080922.257282
175,1,cnn,20222304124.06665
176,1,cnn,25031201265.569702
177,1,cnn,23278765421.35309
178,1,cnn,1224609483.10966
179,1,cnn,1959786171.044881
180,1,cnn,5742959400.180217
181,1,cnn,9329653450.567465
182,1,cnn,521090303.90743
183,1,cnn,961212524.8968912
184,1,cnn,134145842.68766277
185,1,cnn,164760820.00724283
186,1,cnn,154785439.76501465
187,1,cnn,37231839.05228678
188,1,cnn,26212651.38232422
189,1,cnn,9414142.983683268
190,1,cnn,5675610.0745442705
191,1,cnn,4668151.117675781
192,1,cnn,1726821.4388834636
193,1,cnn,1257448.7850341797
194,1,cnn,3149220.5931396484
195,1,cnn,3844141.1013590493
196,1,cnn,2113870.762898763
197,1,cnn,1989473.4413655598
198,1,cnn,1342267.14453125
199,1,cnn,1245890.7437337239
200,1,cnn,1880759.9178059895
1,2,cnn,17429229.76835124
2,2,cnn,112122.89990234375
3,2,cnn,33151.6787516276
4,2,cnn,31822.472290039062
5,2,cnn,31088.09619140625
6,2,cnn,29448.04130045573
7,2,cnn,24397.626759847004
8,2,cnn,22352.40732828776
9,2,cnn,21569.31034342448
10,2,cnn,20411.294967651367
11,2,cnn,19431.25673421224
12,2,cnn,18601.755289713543
13,2,cnn,18181.940195719402
14,2,cnn,17929.396845499676
15,2,cnn,17672.171630859375
16,2,cnn,17580.241841634113
17,2,cnn,17409.742802937824
18,2,cnn,17223.881739298504
19,2,cnn,17392.3843943278
20,2,cnn,17130.92739359538
21,2,cnn,17084.196833292644
22,2,cnn,17054.156135559082
23,2,cnn,16755.0633392334
24,2,cnn,16706.384150187176
25,2,cnn,16691.86129252116
26,2,cnn,16715.696662902832
27,2,cnn,16709.655192057293
28,2,cnn,18470.721605936687
29,2,cnn,20857.275115966797
30,2,cnn,17136.439392089844
31,2,cnn,16708.120412190754
32,2,cnn,16492.669306437176
33,2,cnn,16352.372871398926
34,2,cnn,16238.847829182943
35,2,cnn,16143.028732299805
36,2,cnn,16026.860343933105
37,2,cnn,15944.554565429688
38,2,cnn,15851.05404917399
39,2,cnn,15727.13084157308
40,2,cnn,15537.075553894043
41,2,cnn,15438.810119628906
42,2,cnn,15340.631612141928
43,2,cnn,15374.78737894694
44,2,cnn,15187.070348103842
45,2,cnn,14971.101750691732
46,2,cnn,15130.93310292562
47,2,cnn,15259.31305440267
48,2,cnn,15143.96068318685
49,2,cnn,14529.282424926758
50,2,cnn,14424.906842549643
51,2,cnn,14309.918512980143
52,2,cnn,14270.527776082357
53,2,cnn,13687.405815124512
54,2,cnn,13392.9377784729
55,2,cnn,13334.949211120605
56,2,cnn,13303.815670013428
57,2,cnn,12955.440224965414
58,2,cnn,12860.79177983602
59,2,cnn,12684.372647603353
60,2,cnn,12520.926095326742
61,2,cnn,12316.975593566895
62,2,cnn,12019.018255869547
63,2,cnn,11691.386852264404
64,2,cnn,11489.406786600748
65,2,cnn,11408.845123291016
66,2,cnn,11580.884033203125
67,2,cnn,11534.069539388021
68,2,cnn,11013.603642781576
69,2,cnn,10441.422080993652
70,2,cnn,10137.44493230184
71,2,cnn,9597.500788370768
72,2,cnn,9257.125940958658
73,2,cnn,8860.800247192383
74,2,cnn,8921.518539428711
75,2,cnn,8718.928949991861
76,2,cnn,8113.890576680501
77,2,cnn,7587.2149658203125
78,2,cnn,7157.25639851888
79,2,cnn,6639.980829874675
80,2,cnn,6318.256479899089
81,2,cnn,6233.542524973552
82,2,cnn,6575.490740458171
83,2,cnn,6021.662325541179
84,2,cnn,5494.941668192546
85,2,cnn,5150.326446533203
86,2,cnn,4846.7123616536455
87,2,cnn,4600.656077067058
88,2,cnn,4471.801044464111
89,2,cnn,4356.808787027995
90,2,cnn,4224.666016896565
91,2,cnn,4151.072138468425
92,2,cnn,3852.80558458964
93,2,cnn,3643.9197947184243
94,2,cnn,3414.5746059417725
95,2,cnn,3272.718941370646
96,2,cnn,3313.33953221639
97,2,cnn,3698.968288421631
98,2,cnn,3529.6249141693115
99,2,cnn,3414.0579249064126
100,2,cnn,3557.579360961914
101,2,cnn,3126.736784617106
102,2,cnn,2838.4818687438965
103,2,cnn,2981.1414388020835
104,2,cnn,3089.1005643208823
105,2,cnn,2991.1430473327637
106,2,cnn,2833.5682474772134
107,2,cnn,2633.7296829223633
108,2,cnn,2639.0590616861978
109,2,cnn,2410.0154616038003
110,2,cnn,2051.854783376058
111,2,cnn,1913.1070963541667
112,2,cnn,1782.6466827392578
113,2,cnn,1769.52765528361
114,2,cnn,2087.292376200358
115,2,cnn,2271.871726989746
116,2,cnn,2470.4202995300293
117,2,cnn,1865.826623916626
118,2,cnn,1931.080618540446
119,2,cnn,1863.997807820638
120,2,cnn,1701.3252792358398
121,2,cnn,2200.9062410990396
122,2,cnn,2089.3231366475425
123,2,cnn,1900.3505516052246
124,2,cnn,3401.5916748046875
125,2,cnn,4253.11159769694
126,2,cnn,3431.2218297322593
127,2,cnn,2631.2580922444663
128,2,cnn,1944.972376505534
129,2,cnn,1559.8676586151123
130,2,cnn,1471.4942741394043
131,2,cnn,1243.9391288757324
132,2,cnn,1070.9284051259358
133,2,cnn,1018.8134536743164
134,2,cnn,1017.3318824768066
135,2,cnn,1011.211732228597
136,2,cnn,913.5723552703857
137,2,cnn,918.2989126841227
138,2,cnn,1123.3407974243164
139,2,cnn,1273.3164914449055
140,2,cnn,1181.895793279012
141,2,cnn,1524.856928507487
142,2,cnn,1275.656805674235
143,2,cnn,887.118968963623
144,2,cnn,873.2771250406901
145,2,cnn,1170.138516108195
146,2,cnn,1119.9379278818767
147,2,cnn,868.115665435791
148,2,cnn,705.998945236206
149,2,cnn,1059.3692366282146
150,2,cnn,1082.1037972768147
151,2,cnn,1379.9894727071126
152,2,cnn,1354.030486424764
153,2,cnn,1918.606288909912
154,2,cnn,2432.5223999023438
155,2,cnn,1889.5342636108398
156,2,cnn,1787.0777269999187
157,2,cnn,1877.8896306355794
158,2,cnn,1515.0738506317139
159,2,cnn,2000.3479410807292
160,2,cnn,2225.959154764811
161,2,cnn,1576.4125022888184
162,2,cnn,1479.7189623514812
163,2,cnn,1551.6121285756428
164,2,cnn,1431.0837103525798
165,2,cnn,1297.873514175415
166,2,cnn,954.2827212015787
167,2,cnn,888.4792257944742
168,2,cnn,904.6736818949381
169,2,cnn,1079.187416712443
170,2,cnn,945.3341636657715
171,2,cnn,724.2747929890951
172,2,cnn,667.4469617207845
173,2,cnn,707.9069735209147
174,2,cnn,820.3343359629313
175,2,cnn,760.8727038701376
176,2,cnn,744.9887396494547
177,2,cnn,976.095884958903
178,2,cnn,1504.3074502944946
179,2,cnn,2686.4394327799478
180,2,cnn,3910.641773223877
181,2,cnn,169551.97043100992
182,2,cnn,65052139.247111
183,2,cnn,53513284833.64364
184,2,cnn,1134390112.9682617
185,2,cnn,152549722.54707846
186,2,cnn,85863195.62589519
187,2,cnn,96733950.42045085
188,2,cnn,3467735.456705729
189,2,cnn,11754868.274983725
190,2,cnn,10206109.17211914
191,2,cnn,9764119.71537272
192,2,cnn,1348333.8618164062
193,2,cnn,709240.8273111979
194,2,cnn,1832048.6665852864
195,2,cnn,2045465.9778238933
196,2,cnn,1362860.555460612
197,2,cnn,349953.9735514323
198,2,cnn,294432.6249593099
199,2,cnn,558278.75390625
200,2,cnn,694756.0301920573
